{"kendall_taus": [0.09956709956709957, -0.23870967741935484, -0.3103448275862069, -0.3004926108374384, -0.146218487394958], "spearman_rhos": [0.145115753811406, -0.3350806451612904, -0.45272525027808674, -0.4339901477832511, -0.1554621848739496]}